Title,Company,Location,Link
"Backend Software Engineer (Python, Node.js)",F-Secure,"Helsinki, Finland",https://stackoverflow.com/jobs/430333/
Senior Software Developer (Python-Django),Skizzle Technolabs India Private Limited,"Kochi, India",https://stackoverflow.com/jobs/427201/
Back-End Developer (Python/Django),Apacio Ltd,"Theale, UK",https://stackoverflow.com/jobs/429078/
Python Software Engineer,bloomon,"Amsterdam, Netherlands",https://stackoverflow.com/jobs/286140/
Backend Developer – Python/Django,5 Monkeys Agency AB,"Göteborg, Sweden",https://stackoverflow.com/jobs/426940/
Python Developer,YouGov,"Bengaluru, India",https://stackoverflow.com/jobs/413507/
Senior Software Engineer - Python,YouGov,"Warsaw, Poland",https://stackoverflow.com/jobs/422635/
Python Developer,GeekyWorks,"Pune, India",https://stackoverflow.com/jobs/408881/
Pythonエンジニア/システムインテグレータ・ソフトハウス,株式会社 ゼロフィールド,"Minato City, Japan",https://stackoverflow.com/jobs/402856/
Python Software Developer,"Old Mission Capital, LLC","Chicago, IL",https://stackoverflow.com/jobs/237203/
Backend Software Engineer (Python or Java),F-Secure,"Helsinki, Finland",https://stackoverflow.com/jobs/430332/
Mid-Level Backend Software Engineer (Python / Django),"Tivix, Inc.","Wrocław, Poland",https://stackoverflow.com/jobs/420639/
Sr. Python Developer,Bombay Softwares,"Ahmedabad, India",https://stackoverflow.com/jobs/427638/
Django/Python Backend Engineer,PolicyFly,No office location,https://stackoverflow.com/jobs/415347/
Full Stack (Python/React) Software engineer,"JPMorgan Chase Bank, N.A.","New York, NY",https://stackoverflow.com/jobs/421440/
Python Software Engineer - Glasgow - Associate,"JPMorgan Chase Bank, N.A.","Glasgow, UK",https://stackoverflow.com/jobs/427792/
Senior Backend Engineer - Python,APNATIME TECH PRIVATE LIMITED,No office location,https://stackoverflow.com/jobs/411044/
Python Developer/Bangalore,Talent Zone Consultants,"Bengaluru, India",https://stackoverflow.com/jobs/413984/
senior python developer,None,"London, UK",https://stackoverflow.com/jobs/387197/
"Remote Senior Software Engineer, Python / Tornado / AWS",Verys,"Santa Ana, CA",https://stackoverflow.com/jobs/429244/
Python Developers,JB Solutions,,https://stackoverflow.com/jobs/419998/
Full Stack Developer - Python & Django,CleverGround Technologies,"Pune, India",https://stackoverflow.com/jobs/427588/
Python Developer/Senior Python Developer,Crebritech,"Noida, India",https://stackoverflow.com/jobs/384512/
Backend Developer – Python/Django,5 Monkeys Agency AB,"Stockholm, Sweden",https://stackoverflow.com/jobs/426938/
Python/Django Developer,Spiria Digital,"Oakville, ON, Canada",https://stackoverflow.com/jobs/409892/
Sr. Python Software Engineer,Global Reach Consulting LLC,"Reston, VA",https://stackoverflow.com/jobs/417839/
Senior Python Developer,YouGov,"Bengaluru, India",https://stackoverflow.com/jobs/400054/
Backend Developer – Python/Django,5 Monkeys Agency AB,"Stockholm, Sweden",https://stackoverflow.com/jobs/426938/
Python Developer,Ladder Consultancy Services,"Mumbai, India",https://stackoverflow.com/jobs/405225/
Python Django Developers,Brand Catalyst Media,"Mumbai, India",https://stackoverflow.com/jobs/405244/
Python Developer,SevenMentor Pct. Ltd,"Pune, India",https://stackoverflow.com/jobs/412679/
Python/Django Developer,Spiria Digital,"Oakville, ON, Canada",https://stackoverflow.com/jobs/409892/
Full Stack Developer - Python & Django,LiveHealth,"Pune, India",https://stackoverflow.com/jobs/387071/
Python Developer,Quarec Resources,"Ahmedabad, India",https://stackoverflow.com/jobs/412138/
Data Engineer (Python/Postgres),Omicron,"Orlando, FL",https://stackoverflow.com/jobs/427856/
Python Developer,InfoMagnus,"Hyderabad, India",https://stackoverflow.com/jobs/343508/
Principal Software Engineer -Python - Contact Center,Delivery Hero SE,"Berlin, Germany",https://stackoverflow.com/jobs/420083/
Mid - Senior Python developer,None,"London, UK",https://stackoverflow.com/jobs/417504/
Mid-Senior Python / Django Engineer,Octopus Energy,"Melbourne, Australia",https://stackoverflow.com/jobs/427558/
Python Developer,Acumen Technical Advisory Private Limited,"Bengaluru, India",https://stackoverflow.com/jobs/380357/
Senior Full-stack web developer - Python,None,"London, UK",https://stackoverflow.com/jobs/355023/
(Senior) Full-Stack Software Engineer who loves Python,Advertima,"Berlin, Germany",https://stackoverflow.com/jobs/422932/
Python Developer,Nesh Technologies,"Chennai, India",https://stackoverflow.com/jobs/427932/
Senior Python Engineer for Booking Backend Tribe,Kiwi.com,"Prague, Czechia",https://stackoverflow.com/jobs/410394/
Python Software Engineer (40h/wk),Channable,"Utrecht, Netherlands",https://stackoverflow.com/jobs/265091/
Django/Python Backend Engineer,PolicyFly,No office location,https://stackoverflow.com/jobs/415347/
Python Developer,Quantam Select International,"Mumbai, India",https://stackoverflow.com/jobs/405227/
Python Full Stack Developer,REPAY,"Tempe, AZ",https://stackoverflow.com/jobs/386498/
Python Full Stack Developer,GRK Technologies,"Hyderabad, India",https://stackoverflow.com/jobs/426345/
Full Stack Engineer (React + Python),None,"Vilnius, Lithuania",https://stackoverflow.com/jobs/411392/
Senior Backend Software Engineer (Python),"Curative, Inc",No office location,https://stackoverflow.com/jobs/408170/
Senior Python Developer for Finance Tribe,Kiwi.com,"Prague, Czechia",https://stackoverflow.com/jobs/410395/
Junior Python Backend Developer,Finpoint,"Bengaluru, India",https://stackoverflow.com/jobs/349727/
Senior Backend Engineer - Python,APNATIME TECH PRIVATE LIMITED,No office location,https://stackoverflow.com/jobs/411044/
Software Developer C++/Python (f/m),UBIMET GmbH,"Wien, Österreich",https://stackoverflow.com/jobs/388220/
Python Developers,Coverfox,"Mumbai, India",https://stackoverflow.com/jobs/405245/
Python Developer/Senior Python Developer,Crebritech,"Noida, India",https://stackoverflow.com/jobs/384512/
Software Engineering - Python,"JPMorgan Chase Bank, N.A.","Bengaluru, India",https://stackoverflow.com/jobs/429823/
Python Developer,Grid Logic Software Private Limited,"Hyderabad, India",https://stackoverflow.com/jobs/364555/
Senior Python Engineer,Creative Group,"Amsterdam, Netherlands",https://stackoverflow.com/jobs/429640/
Python Backend Developer / Data Engineer for Geo Applications,GAF AG,"München, Deutschland",https://stackoverflow.com/jobs/407481/
Senior Python Developer,Lab Technologies SA,"Chiasso, Switzerland",https://stackoverflow.com/jobs/331824/
Backend Engineer - Python (m/f/d),Laya Technologies,"Munich, Germany",https://stackoverflow.com/jobs/333801/
Senior Python Backend Developer,Finpoint,"Bengaluru, India",https://stackoverflow.com/jobs/349797/
Backend Developer (Python + Django),Hansel Pvt. Ltd.,"Bengaluru, India",https://stackoverflow.com/jobs/349749/
Python developer,LiteBreeze,"Kochi, India",https://stackoverflow.com/jobs/360451/
Full Stack Software Engineer (Python),Family Zone,"Perth, Australia",https://stackoverflow.com/jobs/417421/
Python Developer,TRooTech Business Solutions,"Ahmedabad, India",https://stackoverflow.com/jobs/399343/
Python Developer,None,"London, UK",https://stackoverflow.com/jobs/397043/
Python and Django Developer,Vivenns,"Hyderabad, India",https://stackoverflow.com/jobs/343535/
Python Developer,Karvy Analytics,"Hyderabad, India",https://stackoverflow.com/jobs/364556/
Full Stack Software Engineer (React & Python),"JPMorgan Chase Bank, N.A.","New York, NY",https://stackoverflow.com/jobs/421888/
Senior Backend / Python Developer (m/f/d),byrd technologies GmbH,"Berlin, Germany",https://stackoverflow.com/jobs/353116/
開発×Python,株式会社キャリアデザインITパートナーズ,"Chiyoda City, Japan",https://stackoverflow.com/jobs/415080/
Full-Stack Python Engineer,Gorgias,No office location,https://stackoverflow.com/jobs/374584/
